Tell me about Field Notices,Field_Notice
What is a FN,Field_Notice
What is a Field Notice alert,Field_Notice
What is a Field Notice,Field_Notice
What are FN alerts,Field_Notice
Fail Notice,Field_Notice
tell me about hardware lifecycle,Hardware_lifecycle
End of Life Date,Hardware_lifecycle
End-of-Sale,Hardware_lifecycle
FAQ_2,Hardware_lifecycle
is hardware lifecycle,Hardware_lifecycle
I want to know about hardware lifecycle,Hardware_lifecycle
more details on hardware lifecycle,Hardware_lifecycle
what is hardware lifecycle,Hardware_lifecycle
what is end of new service attachment date,Hardware_lifecycle
Define Inventory and Coverage,Inventory_and_Coverage
What is LLW,Inventory_and_Coverage
What is Inventory and Coverage,Inventory_and_Coverage
Tell me about Inventory and Coverage,Inventory_and_Coverage
Priority Determined,Inventory_and_Coverage
Is Inventory and Coverage,Inventory_and_Coverage
FAQ_3,Inventory_and_Coverage
Explain Inventory and Coverage,Inventory_and_Coverage
"What is ""End of Vulnerability/Security Support"" Date?",OS_Lifecycle
"What is ""End of Life"" Date?",OS_Lifecycle
"What is ""End of Engineering Date"" Date?",OS_Lifecycle
How is the Suggested Version chosen?,OS_Lifecycle
"What is ""End of Sale"" Date?",OS_Lifecycle
what is an index of exposure,Overview
Is the INS dashboard customizable?,Overview
Is INS available for vendors other than Cisco?,Overview
Can I filter data in the INS Portal?,Overview
what other vendors are supported in INS,Overview
What is the Index of Exposure?,Overview
What is Attacker Authentication?,Security
What is Exploit Source?,Security
Is there a way to reduce my security exposure?,Security
Are all security vulnerabilities in the customer dashboard applicable?,Security
How is the Suggested Version chosen?,Security
What is CVSS?,Security
What is Severity?,Security
